{"cameraMode":{"drawMode":0,"name":"Shaded","section":"Shading Mode"},"sceneLighting":false,"audioPlay":false,"sceneViewState":{"m_AlwaysRefresh":false,"showFog":true,"showSkybox":false,"showFlares":true,"showImageEffects":true,"showParticleSystems":true,"showVisualEffectGraphs":true,"m_FxEnabled":true},"in2DMode":false,"pivot":{"x":-0.21687465906143189,"y":2.7658863067626955,"z":5.380000114440918},"rotation":{"x":-0.11531378328800202,"y":-0.16988533735275269,"z":0.02004089765250683,"w":-0.9785088896751404},"size":2.591177463531494,"orthographic":false}